{"index": [99, 199, 299, 399, 499, 599, 699, 799, 899, 999, 1099, 1199, 1299, 1399, 1499, 1599, 1699, 1799, 1899, 1999, 2099, 2199, 2299, 2399, 2499, 2599, 2699, 2799, 2899, 2999, 3099, 3199, 3299, 3399, 3499, 3599, 3699, 3799, 3899, 3999, 4099, 4199, 4299, 4399, 4499, 4599, 4699, 4799, 4899, 4999, 5099, 5199, 5299, 5399, 5499, 5599, 5699, 5799, 5899, 5999, 6099, 6199, 6299, 6399, 6499, 6599, 6699, 6799, 6899, 6999, 7099, 7199, 7299, 7399, 7499, 7599, 7699, 7799, 7899, 7999, 8099, 8199, 8299, 8399, 8499, 8599, 8699, 8799, 8899, 8999, 9099, 9199, 9299, 9399, 9499, 9599, 9699, 9799, 9899, 9999, 10099, 10199, 10299, 10399, 10499, 10599, 10699, 10799, 10899, 10999, 11099, 11199, 11299, 11399, 11499, 11599, 11699, 11799, 11899, 11999, 12099, 12199, 12299, 12399, 12499, 12599, 12699, 12799, 12899, 12999, 13099, 13199, 13299, 13399, 13499, 13599, 13699, 13799, 13899, 13999, 14099, 14199, 14299, 14399, 14499, 14599, 14699, 14799, 14899, 14999, 15099, 15199, 15299, 15399, 15499, 15599, 15699, 15799, 15899, 15999, 16099, 16199, 16299, 16399, 16499, 16599, 16699, 16799, 16899, 16999, 17099, 17199, 17299, 17399, 17499, 17599, 17699, 17799, 17899, 17999, 18099, 18199, 18299, 18399, 18499, 18599, 18699, 18799, 18899, 18999, 19099, 19199, 19299, 19399, 19499, 19599, 19699, 19799, 19899, 19999, 20099, 20199, 20299, 20399, 20499, 20599, 20699, 20799, 20899, 20999, 21099, 21199, 21299, 21399, 21499, 21599, 21699, 21799, 21899, 21999, 22099, 22199, 22299, 22399, 22499, 22599, 22699, 22799, 22899, 22999], "P": [0.8377608142493725, 0.8361450381679386, 0.8355979643765986, 0.833695928753181, 0.8334941475826958, 0.8338999151823568, 0.8329109414758294, 0.8323632315521617, 0.8317466779756852, 0.8312000000000014, 0.8302660189683175, 0.8293816793893131, 0.8282759835584251, 0.8276034169392938, 0.826314843087361, 0.8249033078880396, 0.8241700344259913, 0.8234034492507778, 0.8225967590732567, 0.8218068702290069, 0.8211624863685966, 0.8205368956742992, 0.820067042814471, 0.819509541984733, 0.8190581170483487, 0.8184740653748258, 0.8178037885213443, 0.8170968738640487, 0.8165666403439498, 0.8160393553859188, 0.8156718378067856, 0.815283715012722, 0.8147971316215648, 0.8142423289926657, 0.8137928026172303, 0.8132160022618065, 0.8127608830204249, 0.8120514262756124, 0.8114515560775111, 0.8107865139949112, 0.8102378203934749, 0.8096093541742396, 0.8090391147405159, 0.8084244737450842, 0.8079158608990671, 0.8073312313309015, 0.8067222131990706, 0.8060557675996601, 0.8055034532897123, 0.8048978117048335, 0.80443745946216, 0.8038212957525923, 0.8032487397378667, 0.8026013570822724, 0.8018966458477929, 0.8011897491821168, 0.8005910450426333, 0.799786873738703, 0.7991394315780396, 0.798412892281594, 0.7976698786134381, 0.7968082574078614, 0.7959787552001297, 0.7950640108142498, 0.7941677823448818, 0.7933653327164772, 0.7925309331206565, 0.791525295614427, 0.7906252166537575, 0.7896929843693202, 0.7886369207612071, 0.7876198049194238, 0.7866249782146459, 0.7855025789147918, 0.7843876505513139, 0.7831436319807157, 0.7819986781666157, 0.7807992431656552, 0.7794347924115039, 0.7781521628498714, 0.7767189394653367, 0.7753805002172173, 0.7739377663325072, 0.7723725312007759, 0.7709130369705123, 0.7694080714835192, 0.7678672165189677, 0.7662552047189444, 0.7646205220573501, 0.7629597398925632, 0.761229427061489, 0.7595061400597408, 0.7577820460204215, 0.7560659953440539, 0.7542441141020467, 0.7523963634435978, 0.7505052333359578, 0.7487468453030057, 0.7468250443364938, 0.7448245292620865, 0.7427394754742657, 0.7405657336726036, 0.7383490698880929, 0.7362564591896641, 0.7340942202835323, 0.7320835853857626, 0.7300503198497041, 0.7280730374140041, 0.7262267665802928, 0.7244176266481623, 0.7225807028402438, 0.720765312613596, 0.7189858812402876, 0.7172747645194414, 0.7155253899767665, 0.7137777485303153, 0.7120599812966216, 0.7103428214085494, 0.7086707721256452, 0.7069480491942328, 0.7051709040439081, 0.7034754515496601, 0.7016759966072906, 0.699805918082574, 0.6979209770992373, 0.6960424895997404, 0.6941071507282954, 0.692153705470739, 0.6902546896266059, 0.6883415541201803, 0.6864362216654054, 0.6845364715860899, 0.682692762440451, 0.680818313015079, 0.6790176232211868, 0.6772569226163763, 0.6755810256124508, 0.6739883467935238, 0.6724007542057955, 0.6709135223555077, 0.6694304224640437, 0.6679502562448474, 0.66653132618018, 0.6651091673734826, 0.6637065192594565, 0.6623881975670124, 0.6611957210365064, 0.6600956949315728, 0.659032259166282, 0.6579232569974561, 0.6568316734913983, 0.6558025980982986, 0.6546863244025358, 0.6536145533855467, 0.652468620208488, 0.6513599204019062, 0.6502542260255113, 0.649164911263567, 0.6480259894057963, 0.6468673982188308, 0.645663869264932, 0.6444325385606127, 0.6431725128397267, 0.6419180785700989, 0.640639216593414, 0.6393828136975386, 0.6381651963249083, 0.6368596873864056, 0.6356091964406696, 0.634308636431674, 0.6329352558665546, 0.6315694715663658, 0.6301912368177202, 0.6288577988359504, 0.6275725190839688, 0.6262569685403652, 0.6249698250456434, 0.6237297366841057, 0.622471946209505, 0.62120514560362, 0.619946635176361, 0.618691077370466, 0.6174140908522081, 0.6161294667551718, 0.6148805721752282, 0.6135415743248763, 0.6122270754242021, 0.6109602349629152, 0.609627664014432, 0.6082357305477439, 0.6068748118247338, 0.6055208863443585, 0.6041674115677189, 0.6028084782665732, 0.6014702681542377, 0.6001450641325234, 0.598839591325352, 0.597529184979567, 0.5962629176416432, 0.5949943511450372, 0.5936582735179057, 0.5923315697982015, 0.5909988593489491, 0.589682432769546, 0.5883847824737789, 0.5870219373008216, 0.585677742129783, 0.584320096887844, 0.5829706953017523, 0.5816010662789279, 0.5801946866370002, 0.5787768255797202, 0.5773485288320253, 0.5759574802026115, 0.574532717912302, 0.5731488549618307, 0.5717540366552922, 0.5703421107920699, 0.568931506849315, 0.5675742308582005, 0.5662104245103798, 0.5648245879467262, 0.5633840869932343, 0.5618761359505615, 0.5603193214588641, 0.558779053795401, 0.5572346011142123, 0.555710972724431, 0.5542052735091162, 0.5527082863148591],