{"index": [99, 199, 299, 399, 499, 599, 699, 799, 899, 999, 1099, 1199, 1299, 1399, 1499, 1599, 1699, 1799, 1899, 1999, 2099, 2199, 2299, 2399, 2499, 2599, 2699, 2799, 2899, 2999, 3099, 3199, 3299, 3399, 3499, 3599, 3699, 3799, 3899, 3999, 4099, 4199, 4299, 4399, 4499, 4599, 4699, 4799, 4899, 4999, 5099, 5199, 5299, 5399, 5499, 5599, 5699, 5799, 5899, 5999, 6099, 6199, 6299, 6399, 6499, 6599, 6699, 6799, 6899, 6999, 7099, 7199, 7299, 7399, 7499, 7599, 7699, 7799, 7899, 7999, 8099, 8199, 8299, 8399, 8499, 8599, 8699, 8799, 8899, 8999, 9099, 9199, 9299, 9399, 9499, 9599, 9699, 9799, 9899, 9999, 10099, 10199, 10299, 10399, 10499, 10599, 10699, 10799, 10899, 10999, 11099, 11199, 11299, 11399, 11499, 11599, 11699, 11799, 11899, 11999, 12099, 12199, 12299, 12399, 12499, 12599, 12699, 12799, 12899, 12999, 13099, 13199, 13299, 13399, 13499, 13599, 13699, 13799, 13899, 13999, 14099, 14199, 14299, 14399, 14499, 14599, 14699, 14799, 14899, 14999, 15099, 15199, 15299, 15399, 15499, 15599, 15699, 15799, 15899, 15999, 16099, 16199, 16299, 16399, 16499, 16599, 16699, 16799, 16899, 16999, 17099, 17199, 17299, 17399, 17499, 17599, 17699, 17799, 17899, 17999, 18099, 18199, 18299, 18399, 18499, 18599, 18699, 18799, 18899, 18999, 19099, 19199, 19299, 19399, 19499, 19599, 19699, 19799, 19899, 19999, 20099, 20199, 20299, 20399, 20499, 20599, 20699, 20799, 20899, 20999, 21099, 21199, 21299, 21399, 21499, 21599, 21699, 21799, 21899, 21999, 22099, 22199, 22299, 22399, 22499, 22599, 22699, 22799, 22899, 22999], "P": [0.8317455470737996, 0.8332544529262084, 0.8344393553859304, 0.832923664122135, 0.8328681933842244, 0.8328778625954212, 0.8327633587786277, 0.8323237913486005, 0.8313039298840849, 0.8309368956742998, 0.8295859356928156, 0.8286692111959274, 0.8279346251712641, 0.8268542348237037, 0.8259233248515674, 0.8253762722646322, 0.8244723843736056, 0.8236977664687573, 0.8228528190705761, 0.821925190839694, 0.821089300860294, 0.8203597039093203, 0.8192233654165276, 0.8183555979643797, 0.817827379134858, 0.8170818164024282, 0.8164042974271999, 0.8157944383860394, 0.8151799596385012, 0.81487871077184, 0.814380694410249, 0.8139131679389304, 0.8133319454082866, 0.8126356832809439, 0.8121483097055603, 0.8115523042126096, 0.8108467093047231, 0.8102513727065742, 0.809649246427874, 0.8090852417302782, 0.8084104760131618, 0.8078016478856145, 0.8071785312740404, 0.8066576451538292, 0.8060574498162282, 0.8054992808939028, 0.8048243192030776, 0.8039099872773527, 0.8031050527081048, 0.8022876335877864, 0.8013106820336338, 0.8005272068898034, 0.7996155360314917, 0.7989102817830563, 0.7980936386768468, 0.7971189567430026, 0.7961523146288114, 0.7952863911555655, 0.7944519774011297, 0.7935122985581002, 0.7926008426146082, 0.7916922761224658, 0.7908657861787622, 0.7901094147582683, 0.78930961049129, 0.7883617857968961, 0.7874492423379258, 0.7866731776680149, 0.7857605929859488, 0.7847421301344956, 0.7835371823818245, 0.7824234520780318, 0.7813182752971525, 0.7801867134309901, 0.7790652417302791, 0.7779126155082352, 0.7767583358117738, 0.7755847850198977, 0.774400231906466, 0.7731090330788807, 0.7716952847673789, 0.7704608080431963, 0.7692005273000385, 0.7680259905488922, 0.7665734470887596, 0.7651298893425644, 0.7638370331373739, 0.7624954314133698, 0.7609839608885861, 0.7594553011026292, 0.7580682828621772, 0.756601836486337, 0.7551688965498426, 0.7536291483947792, 0.7522223650729869, 0.7507454940627639, 0.7492693790823942, 0.7478397465856562, 0.7463457475518545, 0.7449057506361335, 0.743448164663795, 0.7420504415506668, 0.7406967563427956, 0.7393085731062863, 0.7379284139100907, 0.7366894234000672, 0.7352726926826942, 0.7339438318725865, 0.7325951397156656, 0.7311981956974315, 0.7297791531989994, 0.7282916666666658, 0.7268938728636061, 0.7254466318467923, 0.7239699524283659, 0.722509695533914, 0.7209912790065468, 0.7194485703195748, 0.7179167361601141, 0.7164187446988971, 0.7149013101171346, 0.7133096817252738, 0.711685429984069, 0.7100258146597735, 0.7084399389312952, 0.7068420372389821, 0.7053771312937032, 0.7038307490458019, 0.7022030494901109, 0.7005881777255828, 0.6990027387681361, 0.6973475595651183, 0.6957864125963763, 0.694178268960543, 0.6924848930355285, 0.6908852342463705, 0.6892361211715988, 0.6876248478814011, 0.6861208925988966, 0.6847120683387833, 0.683246205763991, 0.681794287352612, 0.6803734230146454, 0.6788735156912638, 0.6774067561639027, 0.6758796054236819, 0.6743660660192822, 0.672812186232034, 0.6713319671431273, 0.6697871077184065, 0.6681598503614585, 0.6665267175572522, 0.6648937783764916, 0.6633308218499079, 0.6618211278010336, 0.6602818229268607, 0.6586848511369349, 0.6571635906850891, 0.6557401699553509, 0.6542933206106869, 0.6527769506740634, 0.6513070084503505, 0.6499350598666858, 0.6485564761372795, 0.6472292697972085, 0.6458061865783743, 0.6443303621764086, 0.6428673512662043, 0.6414330066097532, 0.6399692860350251, 0.6385278038182826, 0.6370088170897694, 0.6355456323817104, 0.6341302974466961, 0.6326702144674654, 0.6312135669673833, 0.6298137462083645, 0.6283025988506721, 0.6269188167228191, 0.6255297427198195, 0.6241410315887133, 0.622797528171575, 0.6214692084150213, 0.6199797267396843, 0.6185556701739888, 0.6170520944485467, 0.6156092854907412, 0.6141609550105569, 0.6126943199106039, 0.6112296236775142, 0.6098156215445674, 0.6084154739185754, 0.6070027291065135, 0.605649484536083, 0.6042290076335873, 0.6028705405826438, 0.6015081179524938, 0.600146169069831, 0.5988205403608373, 0.5974823409669223, 0.5961801678629762, 0.5948838334215102, 0.5935716667293416, 0.5922767799231659, 0.5909977781915213, 0.5897216087353944, 0.5884517707219331, 0.5871765756508112, 0.5859314072829532, 0.584597310069066, 0.5831467747187143, 0.5816510394161992, 0.5801204649440317, 0.578641150032103, 0.577134291969938, 0.5756510225237956, 0.574110247300102, 0.5724829002964735, 0.5707845980457078, 0.5690806847096926, 0.5674016786984907, 0.5656996080049518, 0.5640100868334869, 0.5623443747728104, 0.5606707379134857, 0.5590332815420299, 0.5574196007218843, 0.555809182625775, 0.5542677422580755, 0.5527082863148591],