{"index": [99, 199, 299, 399, 499, 599, 699, 799, 899, 999, 1099, 1199, 1299, 1399, 1499, 1599, 1699, 1799, 1899, 1999, 2099, 2199, 2299, 2399, 2499, 2599, 2699, 2799, 2899, 2999, 3099, 3199, 3299, 3399, 3499, 3599, 3699, 3799, 3899, 3999, 4099, 4199, 4299, 4399, 4499, 4599, 4699, 4799, 4899, 4999, 5099, 5199, 5299, 5399, 5499, 5599, 5699, 5799, 5899, 5999, 6099, 6199, 6299, 6399, 6499, 6599, 6699, 6799, 6899, 6999, 7099, 7199, 7299, 7399, 7499, 7599, 7699, 7799, 7899, 7999, 8099, 8199, 8299, 8399, 8499, 8599, 8699, 8799, 8899, 8999, 9099, 9199, 9299, 9399, 9499, 9599, 9699, 9799, 9899, 9999, 10099, 10199, 10299, 10399, 10499, 10599, 10699, 10799, 10899, 10999, 11099, 11199, 11299, 11399, 11499, 11599, 11699, 11799, 11899, 11999, 12099, 12199, 12299, 12399, 12499, 12599, 12699, 12799, 12899, 12999, 13099, 13199, 13299, 13399, 13499, 13599, 13699, 13799, 13899, 13999, 14099, 14199, 14299, 14399, 14499, 14599, 14699, 14799, 14899, 14999, 15099, 15199, 15299, 15399, 15499, 15599, 15699, 15799, 15899, 15999, 16099, 16199, 16299, 16399, 16499, 16599, 16699, 16799, 16899, 16999, 17099, 17199, 17299, 17399, 17499, 17599, 17699, 17799, 17899, 17999, 18099, 18199, 18299, 18399, 18499, 18599, 18699, 18799, 18899, 18999, 19099, 19199, 19299, 19399, 19499, 19599, 19699, 19799, 19899, 19999, 20099, 20199, 20299, 20399, 20499, 20599, 20699, 20799, 20899, 20999, 21099, 21199, 21299, 21399, 21499, 21599, 21699, 21799, 21899, 21999, 22099, 22199, 22299, 22399, 22499, 22599, 22699, 22799, 22899, 22999], "P": [0.7732010178117108, 0.7730000000000014, 0.7779575911789696, 0.7746730279898192, 0.7725170483460562, 0.774624257845633, 0.772268993093418, 0.7720222646310435, 0.771683912920553, 0.7717216284987299, 0.7696400647698379, 0.7701781170483457, 0.7689669211195944, 0.7676303162486346, 0.7667952502120471, 0.7670155852417334, 0.7650076335877878, 0.7643483177834338, 0.7627598767912138, 0.7617852417302805, 0.7604282079243897, 0.7592748091603038, 0.7586551609691358, 0.7578617472434245, 0.7572694147582659, 0.7570600900371902, 0.7565484874187137, 0.7555332606324945, 0.7549337544967937, 0.7548213740458039, 0.7543767544939695, 0.7539584923664182, 0.7537560336186321, 0.7531701841041788, 0.7530704471101413, 0.7525497596833494, 0.7525527817894195, 0.7526222043658776, 0.752567756247148, 0.7522979643765866, 0.7518310680816763, 0.7520252029565035, 0.7522455766613421, 0.7519795281054826, 0.7517492790500399, 0.7518243168492048, 0.7520079042823915, 0.7516077184054271, 0.7517034844472142, 0.7516776590330819, 0.7516490545327561, 0.7517614993149365, 0.7518575063613264, 0.7518691923475693, 0.7518897987508678, 0.7517975281715775, 0.751870987902322, 0.751616565762919, 0.7513647302367699, 0.7515344359626797, 0.7512284653568593, 0.7513678896823429, 0.7514976372228263, 0.7511176049618359, 0.7509146212566039, 0.7508387693731206, 0.750767384451784, 0.7505479718604952, 0.7502561492790485, 0.7500959651036021, 0.7496368132458876, 0.7496141504099494, 0.7492061765833583, 0.7487749810879549, 0.7485558608990649, 0.7483364135529699, 0.7481025081788443, 0.747915900045668, 0.747997230006122, 0.7478914122137412, 0.7474257531492458, 0.7468774281635926, 0.7463142340353789, 0.7458759239064586, 0.7454955246220641, 0.7445645304455861, 0.7437359539060026, 0.7433484270182708, 0.7426261829201996, 0.7420365846762773, 0.7414866761736969, 0.7412473171811089, 0.7407657117841897, 0.7399798061826625, 0.7393272800321408, 0.7387299618320636, 0.738201306366571, 0.7372613595056328, 0.7359547125195973, 0.7344252926208665, 0.7328366714534027, 0.7317228458813564, 0.7306155290397496, 0.7293961146995518, 0.7283041318308493, 0.7267315281578585, 0.7251347173670017, 0.723825841108286, 0.7224266405210497, 0.7209589174184582, 0.7195174563876856, 0.7178678662304611, 0.7163844265801975, 0.7149979465202408, 0.7135792012390729, 0.7121118276739481, 0.7103868119440659, 0.7087817311424492, 0.7072442961917562, 0.7056400339270594, 0.7041477929888758, 0.7024540524757036, 0.7009278636297781, 0.6993513912829361, 0.6976181984732789, 0.6958767316935278, 0.6942160245236533, 0.6924241809796454, 0.6907542458133618, 0.6892694460755523, 0.6876389099314337, 0.6858985658107805, 0.6842699496833703, 0.682674604078842, 0.6812180567335805, 0.6795734171531205, 0.6779881502943862, 0.6765706752221881, 0.6747602467644214, 0.6729442748091607, 0.6712826953963883, 0.6697032218757875, 0.6681118169362444, 0.6666029827537466, 0.6652449241028321, 0.66385586810276, 0.661982240224333, 0.6603430300529557, 0.6589448229929814, 0.6575693977947401, 0.6562327485971405, 0.6546949578143834, 0.6532869663556697, 0.6519296454181953, 0.6505042436181573, 0.6491073921837295, 0.647631578094359, 0.6463620317583019, 0.644700913790069, 0.643086863867683, 0.6413661119276808, 0.6397462695944459, 0.6381497681824564, 0.636521256128591, 0.6349498342200645, 0.6334378123179755, 0.6318504974783246, 0.6303691082030781, 0.6287433337850244, 0.6271273761412947, 0.6256482002291571, 0.6241313095449438, 0.622699936754475, 0.6210999385803272, 0.6196510650672491, 0.6181437080730969, 0.6167696554103561, 0.6152835291763138, 0.6139728204472118, 0.6126921967769302, 0.6112956011977573, 0.6098837345860267, 0.6085945021482495, 0.6073810432569982, 0.6061615019599743, 0.604881145858984, 0.6037224966322435, 0.602484759893887, 0.6012156656838568, 0.599974474353823, 0.5990827438285155, 0.597941899915182, 0.5967975319384571, 0.5956612628210171, 0.5944507600965616, 0.5934518616606936, 0.5925215122511999, 0.5914511527488635, 0.5903006124771443, 0.5891445292620863, 0.5879507044928057, 0.5868434988537026, 0.5857361461036108, 0.584760714463902, 0.5836625085334813, 0.5825198003903245, 0.581498936706371, 0.5804300743785499, 0.5794337509283292, 0.5784581364352366, 0.5773285819374574, 0.576256421335638, 0.5751379421567587, 0.5739997859741737, 0.572825161252144, 0.5714667797568551, 0.5701373107726231, 0.5687922823727157, 0.5675520001859014, 0.566207818644459, 0.5649349590687716, 0.5636637324347249, 0.5624165725304953, 0.5611225236277726, 0.559720983884651, 0.5583893354950549, 0.5570311957045662, 0.5557496317128715, 0.5541916730557687, 0.5527082863148591],