{"index": [99, 199, 299, 399, 499, 599, 699, 799, 899, 999, 1099, 1199, 1299, 1399, 1499, 1599, 1699, 1799, 1899, 1999, 2099, 2199, 2299, 2399, 2499, 2599, 2699, 2799, 2899, 2999, 3099, 3199, 3299, 3399, 3499, 3599, 3699, 3799, 3899, 3999, 4099, 4199, 4299, 4399, 4499, 4599, 4699, 4799, 4899, 4999, 5099, 5199, 5299, 5399, 5499, 5599, 5699, 5799, 5899, 5999, 6099, 6199, 6299, 6399, 6499, 6599, 6699, 6799, 6899, 6999, 7099, 7199, 7299, 7399, 7499, 7599, 7699, 7799, 7899, 7999, 8099, 8199, 8299, 8399, 8499, 8599, 8699, 8799, 8899, 8999, 9099, 9199, 9299, 9399, 9499, 9599, 9699, 9799, 9899, 9999, 10099, 10199, 10299, 10399, 10499, 10599, 10699, 10799, 10899, 10999, 11099, 11199, 11299, 11399, 11499, 11599, 11699, 11799, 11899, 11999, 12099, 12199, 12299, 12399, 12499, 12599, 12699, 12799, 12899, 12999, 13099, 13199, 13299, 13399, 13499, 13599, 13699, 13799, 13899, 13999, 14099, 14199, 14299, 14399, 14499, 14599, 14699, 14799, 14899, 14999, 15099, 15199, 15299, 15399, 15499, 15599, 15699, 15799, 15899, 15999, 16099, 16199, 16299, 16399, 16499, 16599, 16699, 16799, 16899, 16999, 17099, 17199, 17299, 17399, 17499, 17599, 17699, 17799, 17899, 17999, 18099, 18199, 18299, 18399, 18499, 18599, 18699, 18799, 18899, 18999, 19099, 19199, 19299, 19399, 19499, 19599, 19699, 19799, 19899, 19999, 20099, 20199, 20299, 20399, 20499, 20599, 20699, 20799, 20899, 20999, 21099, 21199, 21299, 21399, 21499, 21599, 21699, 21799, 21899, 21999, 22099, 22199, 22299, 22399, 22499, 22599, 22699, 22799, 22899, 22999], "P": [0.8054605597964463, 0.8100025445292652, 0.8136505513146799, 0.8098422391857506, 0.806861068702294, 0.806630195080572, 0.8073173391494027, 0.8072760814249388, 0.8071783997738189, 0.8059913486005108, 0.8058473282442833, 0.8055453774385086, 0.8060653748287354, 0.8052093784078564, 0.8047121289228188, 0.8029211195928779, 0.8016728034725384, 0.8008900197907863, 0.800056515334138, 0.7999117048346062, 0.7998369077911058, 0.799129077029839, 0.7985620090717994, 0.7980771840542844, 0.7977148091603075, 0.7972703073008426, 0.7966510225237989, 0.7958993093420563, 0.795789944722295, 0.795354707379133, 0.795217434129529, 0.7951723918575055, 0.7948816408358444, 0.7949711121089647, 0.7949634314794629, 0.7949493921402335, 0.7951946908740807, 0.7953626623811424, 0.7953174137143582, 0.7953269720101769, 0.7949368832619674, 0.7948902217375489, 0.7949788744896155, 0.794826625028915, 0.7946403166525335, 0.7942175019360573, 0.7934994315413381, 0.79314228159457, 0.7925929272472336, 0.7919202035623404, 0.7915344010377731, 0.7910473673908761, 0.7902493638676842, 0.7894918480821819, 0.7889895905621136, 0.7883694111232272, 0.7875548413017265, 0.7870441344213401, 0.7864189416483358, 0.7857446988973682, 0.7852817753305817, 0.7847984076171729, 0.7839752817157379, 0.7831959287531787, 0.782358348013312, 0.7814810702444278, 0.7806769966959068, 0.7796581350097256, 0.7786671091934935, 0.7775920029080335, 0.7767280220764804, 0.7756820752049756, 0.7747423054132261, 0.7735853792724022, 0.7724249703138245, 0.771339092004818, 0.7702814183272182, 0.7693504925947702, 0.7682789963603529, 0.767325636132317, 0.7663263280243771, 0.7655360888723385, 0.7645582022747501, 0.7637957106506748, 0.7630279299506059, 0.7621574057636543, 0.7611785557602889, 0.7602062225306475, 0.7591382336964276, 0.7579088493073214, 0.7563918575063632, 0.7551450934837917, 0.7538402692276218, 0.7523389096421418, 0.7507840899959817, 0.7491609414758255, 0.7476250885338805, 0.7459806823492762, 0.7447077903719137, 0.7431847837150133, 0.7413900183911535, 0.7398311629995526, 0.738179154623385, 0.7364853200234887, 0.7349134617714782, 0.7334285371357241, 0.731822168319424, 0.7304733766845747, 0.728916870929336, 0.727377145500811, 0.7258641083831917, 0.7242456833878589, 0.7226230718998409, 0.7209164323021308, 0.719182298926874, 0.7176128805826109, 0.7159354950958011, 0.7142218915771755, 0.7124954775803446, 0.7107833333333344, 0.7091799465859148, 0.7074254786634959, 0.7056962287180081, 0.7041047361076892, 0.702484885496182, 0.7009590451956883, 0.699205265372362, 0.697463144083971, 0.6957792374302215, 0.6941509884517522, 0.6924712235106744, 0.6906780013879218, 0.6889903767051223, 0.6874118339599695, 0.685637018188673, 0.683921306690615, 0.6822360283055641, 0.6807322712689492, 0.6791538250315772, 0.6775977462740814, 0.6761567502210672, 0.6746496075690792, 0.6731878503176215, 0.6717547003109966, 0.6703924541546052, 0.6689788072083368, 0.6676020494711888, 0.6662072759782675, 0.6648736786379071, 0.6636024088210337, 0.6623161282712361, 0.6608689902236514, 0.6596118012938856, 0.6583284755956531, 0.6570009685627516, 0.655649148561363, 0.6544601546166213, 0.6529861178213654, 0.6515824411477565, 0.6502767175572532, 0.6490229007633596, 0.647634875757862, 0.6462863922321626, 0.6448757835288262, 0.6434768756264931, 0.6422603390661863, 0.6409943776568972, 0.6396063552647527, 0.6381904632850032, 0.6368297260889069, 0.635454220793714, 0.6341678797561977, 0.6329017929370929, 0.6313087362171361, 0.6295080770628877, 0.6278794818413147, 0.6262913701643187, 0.6246371329730954, 0.6229175089200679, 0.6212599943454912, 0.619697383774059, 0.6181151469395748, 0.6165788734548596, 0.6151217225356793, 0.6136195309813611, 0.6121796492380078, 0.6107912261365364, 0.6093726381895964, 0.6079482477752184, 0.6065455470737928, 0.6052089311644874, 0.6038088157336738, 0.602420757030416, 0.6011046929513919, 0.5996976577281911, 0.5983864309082401, 0.5970846411180413, 0.5958078751895547, 0.5945099032055952, 0.5931960814249365, 0.5919493119643504, 0.5906938503010598, 0.5893896138081445, 0.5881644713865187, 0.5870271209582326, 0.5858855949998756, 0.5847382576735379, 0.5834986543354881, 0.5822702801417151, 0.5809904761904768, 0.5798073393389034, 0.5786657544769316, 0.5775278882796346, 0.5763507645478101, 0.5750783359962128, 0.573839247007822, 0.572608388738407, 0.5713882157947573, 0.5698942916564992, 0.5683394402035618, 0.566789656085569, 0.5652371455424887, 0.5637099464850132, 0.5622534305707004, 0.5607574554707387, 0.5591864261748755, 0.5576270415083361, 0.5559788179099138, 0.5543617231685493, 0.5527082863148591],